{
    "utm": "Utrecht Maliebaan",
    "bhv": "Bilthoven",
    "uto": "Utrecht Overvecht",
    "ut": "Utrecht Centraal",
    "ndb": "Naarden-Bussum",
    "ampo": "Almere Poort",
    "bd": "Breda",
    "bdpb": "Breda-Prinsenbeek",
    "zlw": "Lage Zwaluwe",
    "ehv": "Eindhoven",
    "ehs": "Eindhoven Strijp-S",
    "bet": "Best",
    "btl": "Boxtel",
    "ot": "Oisterwijk",
    "tb": "Tilburg",
    "rsd": "Roosendaal",
    "odb": "Oudenbosch",
    "zvb": "Zevenbergen",
    "ddzd": "Dordrecht Zuid",
    "ddr": "Dordrecht",
    "ddrs": "Dordrecht Stadspolders",
    "sdtb": "Sliedrecht Baanhoek",
    "sdt": "Sliedrecht",
    "hbzm": "Hardinxveld Blauwe Zoom",
    "gnd": "Hardinxveld-Giessendam",
    "bhdv": "Boven-Hardinxveld",
    "gr": "Gorinchem",
    "akl": "Arkel",
    "ldm": "Leerdam",
    "bsd": "Beesd",
    "gdm": "Geldermalsen",
    "hdr": "Den Helder",
    "hdrz": "Den Helder Zuid",
    "ana": "Anna Paulowna",
    "sgn": "Schagen",
    "hwd": "Heerhugowaard",
    "amrn": "Alkmaar Noord",
    "amr": "Alkmaar",
    "hlo": "Heiloo",
    "cas": "Castricum",
    "utg": "Uitgeest",
    "kma": "Krommenie-Assendelft",
    "wm": "Wormerveer",
    "zzs": "Zaandijk Zaanse Schans",
    "kz": "Koog aan de Zaan",
    "zd": "Zaandam",
    "ass": "Amsterdam Sloterdijk",
    "asd": "Amsterdam Centraal",
    "asdm": "Amsterdam Muiderpoort",
    "asa": "Amsterdam Amstel",
    "dvd": "Duivendrecht",
    "asb": "Amsterdam Bijlmer ArenA",
    "ashd": "Amsterdam Holendrecht",
    "ac": "Abcoude",
    "bkl": "Breukelen",
    "mas": "Maarssen",
    "utzl": "Utrecht Zuilen",
    "utvr": "Utrecht Vaartsche Rijn",
    "bnk": "Bunnik",
    "db": "Driebergen-Zeist",
    "mrn": "Maarn",
    "klp": "Veenendaal-de Klomp",
    "ed": "Ede-Wageningen",
    "wf": "Wolfheze",
    "otb": "Oosterbeek",
    "ah": "Arnhem Centraal",
    "ahz": "Arnhem Zuid",
    "est": "Elst",
    "nml": "Nijmegen Lent",
    "nm": "Nijmegen",
    "rhn": "Rhenen",
    "vndc": "Veenendaal Centrum",
    "vndw": "Veenendaal West",
    "utlr": "Utrecht Leidsche Rijn",
    "utt": "Utrecht Terwijde",
    "vtn": "Vleuten",
    "wd": "Woerden",
    "gdg": "Gouda Goverwelle",
    "gd": "Gouda",
    "llzm": "Lansingerland-Zoetermeer",
    "ztmo": "Zoetermeer Oost",
    "ztm": "Zoetermeer",
    "ypb": "Den Haag Ypenburg",
    "vb": "Voorburg",
    "gvc": "Den Haag Centraal",
    "zvt": "Zandvoort aan Zee",
    "ovn": "Overveen",
    "hlm": "Haarlem",
    "bll": "Bloemendaal",
    "sptz": "Santpoort Zuid",
    "sptn": "Santpoort Noord",
    "drh": "Driehuis",
    "bv": "Beverwijk",
    "hk": "Heemskerk",
    "ekz": "Enkhuizen",
    "bkf": "Bovenkarspel Flora",
    "bkg": "Bovenkarspel-Grootebroek",
    "hks": "Hoogkarspel",
    "hnk": "Hoorn Kersenboogerd",
    "hn": "Hoorn",
    "pmo": "Purmerend Overwhere",
    "pmr": "Purmerend",
    "pmw": "Purmerend Weidevenne",
    "zdk": "Zaandam Kogerveld",
    "obd": "Obdam",
    "stv": "Stavoren",
    "kmw": "Koudum-Molkwerum",
    "hnp": "Hindeloopen",
    "wk": "Workum",
    "ijt": "IJlst",
    "sk": "Sneek",
    "sknd": "Sneek Noord",
    "mg": "Mantgum",
    "lw": "Leeuwarden",
    "adh": "Leeuwarden Achter De Hoven",
    "lwc": "Leeuwarden Camminghaburen",
    "hdg": "Hurdegaryp",
    "fwd": "Feanwalden",
    "dwe": "De Westereen",
    "bp": "Buitenpost",
    "gk": "Grijpskerk",
    "zh": "Zuidhorn",
    "gn": "Groningen",
    "gerp": "Groningen Europapark",
    "kw": "Kropswolde",
    "mth": "Martenshoek",
    "hgz": "Hoogezand-Sappemeer",
    "spm": "Sappemeer Oost",
    "zb": "Zuidbroek",
    "sda": "Scheemda",
    "ws": "Winschoten",
    "nsch": "Bad Nieuweschans",
    "hlgh": "Harlingen Haven",
    "hlg": "Harlingen",
    "fn": "Franeker",
    "drp": "Dronryp",
    "dei": "Deinum",
    "gw": "Grou-Jirnsum",
    "akm": "Akkrum",
    "hr": "Heerenveen",
    "hry": "Heerenveen IJsstadion",
    "wv": "Wolvega",
    "swk": "Steenwijk",
    "mp": "Meppel",
    "zl": "Zwolle",
    "wz": "Wezep",
    "hde": "'t Harde",
    "ns": "Nunspeet",
    "hd": "Harderwijk",
    "eml": "Ermelo",
    "pt": "Putten",
    "nkk": "Nijkerk",
    "avat": "Amersfoort Vathorst",
    "amfs": "Amersfoort Schothorst",
    "amf": "Amersfoort",
    "dld": "Den Dolder",
    "utln": "Utrecht Lunetten",
    "htn": "Houten",
    "htnc": "Houten Castellum",
    "cl": "Culemborg",
    "zbm": "Zaltbommel",
    "ht": "'s-Hertogenbosch",
    "rd": "Roodeschool",
    "uhm": "Uithuizermeeden",
    "uhz": "Uithuizen",
    "ust": "Usquert",
    "wfm": "Warffum",
    "bf": "Baflo",
    "wsm": "Winsum",
    "swd": "Sauwerd",
    "gnn": "Groningen Noord",
    "vdm": "Veendam",
    "dz": "Delfzijl",
    "dzw": "Delfzijl West",
    "apg": "Appingedam",
    "lp": "Loppersum",
    "stm": "Stedum",
    "bdm": "Bedum",
    "hrn": "Haren",
    "asn": "Assen",
    "bl": "Beilen",
    "hgv": "Hoogeveen",
    "hno": "Heino",
    "rat": "Raalte",
    "nvd": "Nijverdal",
    "wdn": "Wierden",
    "aml": "Almelo",
    "emn": "Emmen",
    "emnz": "Emmen Zuid",
    "na": "Nieuw Amsterdam",
    "dln": "Dalen",
    "co": "Coevorden",
    "gbg": "Gramsbergen",
    "hdb": "Hardenberg",
    "mrb": "Mariënberg",
    "omn": "Ommen",
    "dl": "Dalfsen",
    "zlsh": "Zwolle Stadshagen",
    "kpn": "Kampen",
    "gdk": "Geerdijk",
    "vhp": "Vroomshoop",
    "da": "Daarlerveen",
    "vz": "Vriezenveen",
    "amri": "Almelo de Riet",
    "bn": "Borne",
    "hgl": "Hengelo",
    "esk": "Enschede Kennispark",
    "es": "Enschede",
    "ese": "Enschede De Eschmarke",
    "gbr": "Glanerbrug",
    "odz": "Oldenzaal",
    "hglo": "Hengelo Oost",
    "hglg": "Hengelo Gezondheidspark",
    "ddn": "Delden",
    "go": "Goor",
    "lc": "Lochem",
    "zp": "Zutphen",
    "bmn": "Brummen",
    "dr": "Dieren",
    "rh": "Rheden",
    "vp": "Velp",
    "ahpr": "Arnhem Presikhaaf",
    "ahp": "Arnhem Velperpoort",
    "apd": "Apeldoorn",
    "apdm": "Apeldoorn De Maten",
    "kbk": "Klarenbeek",
    "vem": "Voorst-Empe",
    "vd": "Vorden",
    "rl": "Ruurlo",
    "ltv": "Lichtenvoorde-Groenlo",
    "www": "Winterswijk West",
    "ww": "Winterswijk",
    "atn": "Aalten",
    "vsv": "Varsseveld",
    "tbg": "Terborg",
    "gdr": "Gaanderen",
    "dtc": "Doetinchem",
    "dtch": "Doetinchem De Huet",
    "wl": "Wehl",
    "did": "Didam",
    "zv": "Zevenaar",
    "dvn": "Duiven",
    "wtv": "Westervoort",
    "za": "Zetten-Andelst",
    "hmn": "Hemmen-Dodewaard",
    "op": "Opheusden",
    "ktr": "Kesteren",
    "tl": "Tiel",
    "had": "Heemstede-Aerdenhout",
    "hil": "Hillegom",
    "vh": "Voorhout",
    "ledn": "Leiden Centraal",
    "dvnk": "De Vink",
    "vst": "Voorschoten",
    "gvm": "Den Haag Mariahoeve",
    "laa": "Den Haag Laan van NOI",
    "hlms": "Haarlem Spaarnwoude",
    "hwzb": "Halfweg-Zwanenburg",
    "assp": "Amsterdam Science Park",
    "dmn": "Diemen",
    "wp": "Weesp",
    "almm": "Almere Muziekwijk",
    "alm": "Almere Centrum",
    "almp": "Almere Parkwijk",
    "almb": "Almere Buiten",
    "almo": "Almere Oostvaarders",
    "lls": "Lelystad Centrum",
    "dron": "Dronten",
    "kpnz": "Kampen Zuid",
    "wh": "Wijhe",
    "ost": "Olst",
    "dv": "Deventer",
    "nmh": "Nijmegen Heyendaal",
    "mmlh": "Mook Molenhoek",
    "ck": "Cuijk",
    "bmr": "Boxmeer",
    "vlb": "Vierlingsbeek",
    "vry": "Venray",
    "br": "Blerick",
    "vl": "Venlo",
    "tg": "Tegelen",
    "rv": "Reuver",
    "sm": "Swalmen",
    "rm": "Roermond",
    "ec": "Echt",
    "srn": "Susteren",
    "std": "Sittard",
    "lut": "Geleen-Lutterade",
    "bk": "Beek-Elsloo",
    "bde": "Bunde",
    "mtn": "Maastricht Noord",
    "mt": "Maastricht",
    "mtr": "Maastricht Randwyck",
    "edn": "Eijsden",
    "hvl": "Hoevelaken",
    "bnn": "Barneveld Noord",
    "bnc": "Barneveld Centrum",
    "bnz": "Barneveld Zuid",
    "ltn": "Lunteren",
    "edc": "Ede Centrum",
    "rsn": "Rijssen",
    "hon": "Holten",
    "dvc": "Deventer Colmschate",
    "twl": "Twello",
    "apdo": "Apeldoorn Osseveld",
    "brn": "Baarn",
    "hvs": "Hilversum",
    "hvsm": "Hilversum Media Park",
    "bsmz": "Bussum Zuid",
    "dmnz": "Diemen Zuid",
    "rai": "Amsterdam RAI",
    "asdz": "Amsterdam Zuid",
    "shl": "Schiphol",
    "asdl": "Amsterdam Lelylaan",
    "hfd": "Hoofddorp",
    "rtd": "Rotterdam Centraal",
    "rtb": "Rotterdam Blaak",
    "rtz": "Rotterdam Zuid",
    "rtst": "Rotterdam Stadion",
    "rlb": "Rotterdam Lombardijen",
    "gv": "Den Haag HS",
    "gvmw": "Den Haag Moerwijk",
    "rsw": "Rijswijk",
    "dt": "Delft",
    "dtz": "Delft Zuid",
    "sdm": "Schiedam Centrum",
    "brd": "Barendrecht",
    "zwd": "Zwijndrecht",
    "bgn": "Bergen op Zoom",
    "rb": "Rilland-Bath",
    "kbd": "Krabbendijke",
    "krg": "Kruiningen-Yerseke",
    "bzl": "Kapelle-Biezelinge",
    "gs": "Goes",
    "arn": "Arnemuiden",
    "mdb": "Middelburg",
    "vss": "Vlissingen Souburg",
    "vs": "Vlissingen",
    "ssh": "Sassenheim",
    "nvp": "Nieuw Vennep",
    "hvsp": "Hilversum Sportpark",
    "hor": "Hollandsche Rading",
    "sd": "Soestdijk",
    "st": "Soest",
    "stz": "Soest Zuid",
    "eghm": "Eygelshoven Markt",
    "lg": "Landgraaf",
    "hrlk": "Heerlen De Kissel",
    "hrl": "Heerlen",
    "hrlw": "Heerlen Woonboulevard",
    "vdl": "Voerendaal",
    "kmr": "Klimmen-Ransdaal",
    "sog": "Schin op Geul",
    "vk": "Valkenburg",
    "sgl": "Houthem-Sint Gerlach",
    "mes": "Meerssen",
    "krd": "Kerkrade Centrum",
    "cvm": "Chevremont",
    "egh": "Eygelshoven",
    "hb": "Hoensbroek",
    "nh": "Nuth",
    "sn": "Schinnen",
    "sbk": "Spaubeek",
    "gln": "Geleen Oost",
    "wt": "Weert",
    "mz": "Maarheeze",
    "hze": "Heeze",
    "gp": "Geldrop",
    "vg": "Vught",
    "tpsw": "Tiel Passewaaij",
    "rtn": "Rotterdam Noord",
    "rta": "Rotterdam Alexander",
    "cps": "Capelle Schollevaar",
    "nwk": "Nieuwerkerk aan den IJssel",
    "nmgo": "Nijmegen Goffert",
    "nmd": "Nijmegen Dukenburg",
    "wc": "Wijchen",
    "rvs": "Ravenstein",
    "o": "Oss",
    "ow": "Oss West",
    "rs": "Rosmalen",
    "hto": "'s-Hertogenbosch Oost",
    "tbu": "Tilburg Universiteit",
    "tbr": "Tilburg Reeshof",
    "gz": "Gilze-Rijen",
    "etn": "Etten-Leur",
    "ldl": "Leiden Lammenschans",
    "apn": "Alphen aan den Rijn",
    "bdg": "Bodegraven",
    "bsk": "Boskoop",
    "bsks": "Boskoop Snijdelwijk",
    "wadn": "Waddinxveen Noord",
    "wad": "Waddinxveen",
    "wadt": "Waddinxveen Triangel",
    "hmbv": "Helmond Brandevoort",
    "hmh": "Helmond 't Hout",
    "hm": "Helmond",
    "hmbh": "Helmond Brouwhuis",
    "dn": "Deurne",
    "hrt": "Horst-Sevenum",
    "eem": "Eemshaven"
}